{"about": "I am good at backend.", "college": "Sri Chaitanya", "design": "design1", "email": "dvnprithviraj@gmail.com", "github": "https://github.com/Prithvirajdvn", "image": "43ccbf16-53d7-11ef-b8be-e6523ee64638my-passport-photo__1_-removebg-preview (1).png", "instagram": "https://www.instagram.com/dvnprithviraj/", "lastname": "RAJ", "name": "DVN", "phone": "06304545346", "school": "St. Josephs English School", "skill1": "Flask", "skill2": "Machine Learning", "skill3": "Java", "skill4": "Python"}